bikes,docks
15.58804889,13.19148936
